layer,alpha,utt_MSE,utt_LCC,utt_SRCC,utt_KTAU,sys_MSE,sys_LCC,sys_SRCC,sys_KTAU
0,1,1.1105698143157678,0.51053642044254,0.4740350527122451,0.3273738095372525,0.06442195729920966,0.9613247727578084,0.8406015037593983,0.6736842105263158
0,10,0.416082968591381,0.7010413095194816,0.6484093224501136,0.4707898506408136,0.030585192891189272,0.9674838487413107,0.7984962406015037,0.6210526315789474
0,100,0.26694619380951645,0.7853815966753894,0.7390539290682335,0.5448225701132254,0.028456522782549416,0.9709965596473545,0.8421052631578947,0.6842105263157895
0,1000,0.22714683167968844,0.8124690085303776,0.7576305026393386,0.5598692477423665,0.03085707725663477,0.9721123771214765,0.8330827067669173,0.6842105263157895
0,10000,0.21242332503705902,0.8243013955479326,0.7427254957785607,0.5464064309162929,0.04045825981029299,0.9693277572338918,0.8285714285714285,0.6526315789473685
1,1,1.206181215053206,0.5519103888764993,0.5564318186906173,0.4011510675898147,0.10499207891009694,0.8938642758352687,0.6616541353383457,0.43157894736842106
1,10,0.3216538373646297,0.7692846211277904,0.7429745459766184,0.5516433900232095,0.043959475669428094,0.9578830372712672,0.6887218045112782,0.4842105263157895
1,100,0.2035369972537609,0.8375859775766884,0.7960136049232003,0.6006919826343312,0.032148350391645875,0.9718647988750471,0.831578947368421,0.6631578947368422
1,1000,0.19982081271183227,0.8379222144590679,0.7838040456468274,0.5865649661166488,0.032752065469162824,0.9740956507317138,0.8436090225563909,0.6736842105263158
1,10000,0.206794988846759,0.8306514285692944,0.760303147210131,0.563879992034005,0.03956897780814432,0.9720667068115321,0.8330827067669173,0.6631578947368422
2,1,1.410122930819918,0.47964590683966113,0.4507904301198952,0.31319570073560016,0.045894379424744905,0.9653516771573516,0.7699248120300751,0.6000000000000001
2,10,0.44096522735420407,0.7135207512532467,0.6843406784925828,0.4992737989540431,0.0391260413472348,0.9774389542979096,0.8691729323308269,0.7052631578947369
2,100,0.21591897342195054,0.8296048913086521,0.7895123062149713,0.5956849388052793,0.0318265722116931,0.9757270462608676,0.8601503759398496,0.6947368421052632
2,1000,0.19568017713486863,0.841231257058886,0.7881276096352651,0.59522510824955,0.03211138612006185,0.9750844613753222,0.8601503759398496,0.6947368421052632
2,10000,0.20292317595417295,0.8340142798332819,0.7689800223282212,0.5743283641058534,0.03806222828749539,0.9737450870038311,0.8481203007518796,0.6736842105263158
3,1,1.1974490183616084,0.513379387176697,0.49633001893521106,0.35501473516497833,0.06245183492759182,0.9699906844179702,0.8541353383458646,0.6842105263157895
3,10,0.46109649994078383,0.698896702565951,0.6671235586589543,0.4854022438562102,0.0538061426023243,0.9767129061008231,0.8571428571428572,0.6842105263157895
3,100,0.25060861423901526,0.8023559795897737,0.7506175906380385,0.5558585034507278,0.03531105025289004,0.9777223373935672,0.8541353383458646,0.6947368421052632
3,1000,0.20871195742072568,0.8295246602808295,0.7723077032452651,0.5766949956279478,0.033156374655673636,0.9764665229945584,0.8601503759398496,0.6947368421052632
3,10000,0.2031052945019284,0.833729541902346,0.772527345458206,0.5760144094768607,0.03965137516189116,0.9737915143784013,0.8330827067669173,0.6631578947368422
4,1,1.057892911404969,0.5535158005537663,0.5421780583914522,0.3850314519973055,0.06742711680245225,0.9715926351383634,0.9142857142857143,0.768421052631579
4,10,0.4273501387028588,0.7168387008286627,0.6881302015325854,0.5059413420121175,0.050938137654606995,0.9762900341042452,0.8872180451127819,0.7263157894736842
4,100,0.2351366357468213,0.8108794416961539,0.7527209105850114,0.5598181554583964,0.033074661627093487,0.9776954192388185,0.8842105263157894,0.7368421052631579
4,1000,0.19474634344498015,0.8391737700841095,0.7767012353449472,0.5810725455898825,0.03131110185461532,0.9770429618064804,0.8721804511278194,0.7263157894736842
4,10000,0.19458431611904006,0.8426321179241276,0.7813343760490564,0.585159928307476,0.039129864959209656,0.9745730252255927,0.8466165413533834,0.6736842105263158
5,1,0.921747808967456,0.5706528643780091,0.5660557226703498,0.3939726016920412,0.04571337757508677,0.9765192103580096,0.9082706766917292,0.7473684210526316
5,10,0.3914679894466677,0.7280189916332999,0.7171073891396867,0.5226740650122658,0.03705294318823934,0.9804397580888061,0.8736842105263156,0.7157894736842105
5,100,0.21215782597591762,0.8265245357004861,0.77518122211656,0.5811747301578224,0.0268592893627969,0.98034985865706,0.8887218045112781,0.7368421052631579
5,1000,0.18478818441321476,0.8465234570128779,0.7841395220816642,0.5919041097915053,0.027661035617891468,0.9791295744271398,0.8721804511278194,0.7052631578947369
5,10000,0.19388562777533572,0.8442286621588992,0.7831044717106855,0.5895538647288889,0.03832016985200802,0.9759408300011432,0.8406015037593983,0.6631578947368422
6,1,0.9521917087115449,0.5796102874370649,0.5750989474392376,0.4013809828676793,0.06917505139636876,0.9774558139694067,0.9278195488721804,0.7999999999999999
6,10,0.40511486957824516,0.7276964216706978,0.7042611284338406,0.5110505704091093,0.03894222601724606,0.9831375920056169,0.900751879699248,0.768421052631579
6,100,0.20532565482337148,0.8337603078006259,0.7820726118848216,0.5887874804693403,0.0270897098849055,0.9811002370909572,0.8917293233082706,0.7473684210526316
6,1000,0.18294995367203817,0.8500363613517321,0.7933647956012047,0.6007175287763161,0.030356990383932185,0.9791252079805113,0.882706766917293,0.7368421052631579
6,10000,0.1897432821419511,0.8483401240017068,0.791703835350405,0.5979329992999556,0.03968006729900998,0.975359682701446,0.8285714285714285,0.6526315789473685
7,1,1.1841228938326556,0.4862252423275518,0.4565849292456936,0.31426863869896837,0.026678293748463207,0.9824386049392726,0.8932330827067668,0.7578947368421053
7,10,0.429811087730721,0.6895230926406138,0.6645689642573995,0.47380429539503877,0.022168888534688826,0.9847723132218621,0.9052631578947368,0.7789473684210527
7,100,0.21105560629307338,0.8240530342044076,0.7708908773331384,0.5716460191974326,0.024264722310389016,0.9822910232642111,0.8842105263157894,0.7473684210526316
7,1000,0.18097846123699782,0.8509881720916233,0.7951560990038892,0.6016371898877748,0.030318030422164126,0.9799239598866706,0.8781954887218045,0.7263157894736842
7,10000,0.18626906895571793,0.8531607486479093,0.8024762417318063,0.6092754863412776,0.04028088913567456,0.9755859231907141,0.8436090225563909,0.6736842105263158
8,1,1.1739504484393217,0.48445005222200876,0.46956791419365357,0.31856039055244156,0.06574841914163679,0.9626877844976374,0.8812030075187969,0.7368421052631579
8,10,0.4367461363996307,0.6913875510325711,0.6737512592574562,0.4833330063554286,0.0284848986754187,0.9801463239548096,0.9022556390977443,0.768421052631579
8,100,0.20580799680412795,0.8273514591593126,0.7760128283167063,0.5824009449731005,0.02223719540823957,0.982263150133197,0.8902255639097743,0.7473684210526316
8,1000,0.18209242573633225,0.8492969799150293,0.791387220667569,0.6004365212144817,0.02863741730785349,0.979941164707414,0.8842105263157894,0.7368421052631579
8,10000,0.189417542073276,0.8496610009746244,0.7981805480933397,0.6041151656603158,0.04010609833265692,0.9751942819974206,0.8556390977443609,0.6842105263157895
9,1,1.4039005458845872,0.47040730218772964,0.4403178411396977,0.300141622181286,0.056649149540825595,0.96415401864808,0.9127819548872179,0.7789473684210527
9,10,0.48745365043212674,0.676203255435564,0.6556314028355398,0.4650164225522128,0.029490031819234697,0.9778455703738984,0.9067669172932331,0.7789473684210527
9,100,0.21051301326210325,0.8241687745671255,0.7824364278674403,0.5873058042342126,0.024001518104384743,0.9817675859451127,0.8902255639097743,0.7473684210526316
9,1000,0.17767813503528265,0.8530923378120305,0.8002365729009682,0.6070018797046162,0.030551716133598257,0.9797673779970696,0.8736842105263156,0.7157894736842105
9,10000,0.18648793827048288,0.8527551885826219,0.8022221241973903,0.6086368327916535,0.04129785719277039,0.974941781554113,0.863157894736842,0.7052631578947369
10,1,0.9881779949698793,0.4647926345116151,0.4592959541974227,0.318279382990607,0.03884812203381642,0.9592893659513261,0.78796992481203,0.6421052631578947
10,10,0.4204808708396128,0.6769894291569534,0.6573098172449073,0.4708409429247835,0.020463424639595978,0.977383322387651,0.8390977443609022,0.6842105263157895
10,100,0.21362307169046954,0.8182798047920972,0.770286362873497,0.5731276954325603,0.023737093767725558,0.9793094031491745,0.8812030075187969,0.7368421052631579
10,1000,0.18603763150849406,0.8453185379391113,0.7885514829376866,0.5937178858724375,0.03281702148621871,0.9773721921567987,0.8661654135338346,0.7157894736842105
10,10000,0.1921732548277059,0.8469988860500411,0.7901910477683065,0.5965024153487979,0.043768910049171016,0.9726789492851645,0.8526315789473683,0.6842105263157895
11,1,0.8440231578646121,0.5551147371767066,0.5730371045787533,0.4026582899669273,0.04987958073187874,0.968547795310717,0.8075187969924811,0.631578947368421
11,10,0.3664435592238192,0.7301089797127941,0.7372614057512407,0.5421913174887747,0.031158536970204855,0.9778719326659833,0.8616541353383457,0.7052631578947369
11,100,0.2060144118501695,0.8288639504409051,0.7955819429371167,0.5970133381884971,0.027528808626432318,0.9801209664726545,0.8781954887218045,0.7263157894736842
11,1000,0.18472551188911673,0.8474317934970463,0.7979050351387438,0.6048049114939097,0.03228373366629852,0.9783498807242943,0.8721804511278194,0.7263157894736842
11,10000,0.18845721467771034,0.8497108436999541,0.7981917150012406,0.6067464182847665,0.04236565093516945,0.9730520030547769,0.8466165413533834,0.6736842105263158
12,1,0.9310156320219195,0.48247656065391586,0.47981660197846093,0.33171665367469555,0.05153584330490193,0.9524957723598811,0.7263157894736841,0.5368421052631579
12,10,0.40341153803033664,0.6908722463912456,0.6822388599786049,0.49293835574177325,0.02935406115007667,0.9760332574301784,0.8150375939849623,0.6421052631578947
12,100,0.2174130889410936,0.8186860198770759,0.7806593880782089,0.5829885062387544,0.03023711058217931,0.9790671907498029,0.8812030075187969,0.7368421052631579
12,1000,0.1886596237669317,0.8443351154828743,0.7930591601471452,0.5991847602572187,0.033972108171732955,0.9777890768858162,0.8721804511278194,0.7263157894736842
12,10000,0.19193761076094873,0.8469822953413314,0.7898503163179872,0.5984183759976699,0.04387316769625055,0.9720675736895942,0.8481203007518796,0.6842105263157895
13,1,0.9930257716452559,0.5064232066491824,0.4948430372327155,0.35470818146115884,0.06010424114091484,0.9538784753534592,0.7819548872180451,0.6105263157894737
13,10,0.4291839557252763,0.6895333610880565,0.6785714222090142,0.4959528004959984,0.03429273081202279,0.9784640801242954,0.8646616541353382,0.7157894736842105
13,100,0.21020939606034617,0.8272556994752006,0.7927264988991742,0.5950462852556553,0.032102330159807735,0.9802815526392638,0.8781954887218045,0.7263157894736842
13,1000,0.17724968448187028,0.8557952249317028,0.8065676466433807,0.6142058917443747,0.03484771584616207,0.9784557150185447,0.8721804511278194,0.7263157894736842
13,10000,0.1871419840896612,0.8541973014767391,0.8026799674213253,0.6116768236878638,0.04456718703667891,0.9726612667954775,0.8481203007518796,0.6842105263157895
14,1,0.9036310392333519,0.5471223813201895,0.5254843756357311,0.37815953980335143,0.05413631526463312,0.9577485451729053,0.77593984962406,0.6000000000000001
14,10,0.40644244626093057,0.6986793019474049,0.6725880240445232,0.49094575666694645,0.031421693702392124,0.9751965894863415,0.849624060150376,0.6842105263157895
14,100,0.2109851063319611,0.8215469840951832,0.7726081413212533,0.5767297014524394,0.026216766083927923,0.979429661412991,0.8571428571428572,0.6842105263157895
14,1000,0.18155723666160234,0.849166179405744,0.7949079872014534,0.6017649205976995,0.03109300875752838,0.9780623743615173,0.8646616541353382,0.7052631578947369
14,10000,0.19474716704521086,0.8460975128101427,0.7889428877515898,0.5974476226022414,0.045893155743435055,0.9709690482643849,0.8360902255639097,0.6736842105263158
15,1,0.9911147148094693,0.517612622641498,0.4945482871678702,0.34758080784735523,0.056242517056574404,0.9551732206280398,0.7999999999999999,0.631578947368421
15,10,0.3975463026051706,0.7007669553802517,0.6586152193945612,0.4732933725553396,0.03289952364804403,0.972146431219614,0.8240601503759398,0.6736842105263158
15,100,0.19906804417542542,0.8301204998258574,0.779074062514536,0.5825286756830252,0.023861822357734964,0.9793226993827766,0.8586466165413533,0.7052631578947369
15,1000,0.17256199124559668,0.8556085453405343,0.8057793943209673,0.6118301005397735,0.02762292523550896,0.9787648441667133,0.8812030075187969,0.7263157894736842
15,10000,0.19037721852760953,0.8506084355082489,0.8029411229229058,0.6109615317122848,0.0444284249003985,0.9715531037503091,0.8481203007518796,0.6842105263157895
16,1,1.0934436122315498,0.518180168141656,0.5107432126505405,0.35833573362302307,0.08015857110224042,0.9573057900174516,0.8345864661654135,0.6631578947368422
16,10,0.3887387878661771,0.7172520151726666,0.6945014386076163,0.5003211907754265,0.050695405587557876,0.9698641020336312,0.8225563909774435,0.6631578947368422
16,100,0.2014663555300904,0.8303507968131547,0.779591400020901,0.5810980917318674,0.031295494777305546,0.9768417900607809,0.8511278195488721,0.6947368421052632
16,1000,0.17198308733782564,0.8565484805682188,0.8056502710833909,0.6110892624222096,0.031654144934779284,0.9770319408574495,0.863157894736842,0.7052631578947369
16,10000,0.19416978849874933,0.8489588910124463,0.803696531398552,0.6100418706008264,0.04801138026982018,0.9703587628784264,0.8360902255639097,0.6736842105263158
17,1,0.9106278483470305,0.5670840564530818,0.5540430387954558,0.3935894095622668,0.10254276718624089,0.9611306092038335,0.7969924812030074,0.6210526315789474
17,10,0.38518206506149993,0.729682002972875,0.6978989937963426,0.5090324251922975,0.06446024335351938,0.9715968798146447,0.8390977443609022,0.6736842105263158
17,100,0.22180473793352923,0.8155550514351844,0.7700592711329923,0.5734853414203496,0.036036421687293194,0.9754014297102983,0.8421052631578947,0.6842105263157895
17,1000,0.18161361807231105,0.847023961863546,0.7989261034149558,0.6052902881916239,0.032114879932584973,0.976204074920533,0.8571428571428572,0.6947368421052632
17,10000,0.20053445725739757,0.8439743478121725,0.8015236763359945,0.6062610415870524,0.05073991199535786,0.970122621736008,0.8360902255639097,0.6736842105263158
18,1,0.7958221244291782,0.5640545041612472,0.5561847391233654,0.39560755477907855,0.09489070399934678,0.9695258439171914,0.8902255639097743,0.7368421052631579
18,10,0.38798568603550626,0.7177220036550547,0.6686622459602178,0.4785303316622562,0.0700154557967507,0.9734760333053366,0.863157894736842,0.6947368421052632
18,100,0.2442103200663327,0.7991651785124285,0.7546242584249535,0.5578000102415848,0.04037405299929357,0.976022497318698,0.8511278195488721,0.6947368421052632
18,1000,0.18787755319575583,0.8423477274665994,0.7957342445465546,0.5986993835595045,0.033679733257851854,0.9765478411287849,0.8571428571428572,0.6947368421052632
18,10000,0.20388158695429526,0.843265890743912,0.800919537234602,0.6059289417412478,0.05349806903625946,0.9701759096793701,0.8360902255639097,0.6736842105263158
19,1,1.0337748326899685,0.5034563103483696,0.4819043445581102,0.3421650257465439,0.10557858931500344,0.9553885808629121,0.8526315789473683,0.6947368421052632
19,10,0.41298505213333425,0.6999178293581624,0.6662315197807566,0.4816980532683912,0.07188457995257448,0.9685042415268424,0.8556390977443609,0.6947368421052632
19,100,0.24501459596438224,0.7964857317272155,0.7428012243052496,0.5472749997437815,0.03770705440159531,0.9758660102107146,0.8511278195488721,0.6947368421052632
19,1000,0.19956892943427618,0.8307456348948276,0.7812457915023473,0.5842913594799874,0.033319431585616725,0.9759108388437823,0.8571428571428572,0.6947368421052632
19,10000,0.2131674377216175,0.8329382065816634,0.7820693275001449,0.5872036196662728,0.056538146055804914,0.9688895966094473,0.8360902255639097,0.6736842105263158
20,1,1.1004867149408855,0.4815458406524567,0.4768200232389814,0.3392783117022435,0.16358204067942297,0.9392805264155304,0.8526315789473683,0.6947368421052632
20,10,0.45107798685819334,0.6760207465889041,0.6420397744872022,0.46353474631708513,0.09033827173658335,0.9605786912362209,0.8390977443609022,0.6736842105263158
20,100,0.24762581315490717,0.7927325863201456,0.744845519167604,0.5502894444980067,0.04097125863360663,0.9732150442791337,0.8436090225563909,0.6947368421052632
20,1000,0.19554215899020733,0.8337096742963285,0.7872010377981806,0.5903968874143928,0.035246733448642036,0.9744964012528203,0.8481203007518796,0.6842105263157895
20,10000,0.21815611500845195,0.8288256322284216,0.7855009464499467,0.5905757104082874,0.05973809397153086,0.9677173036647672,0.8360902255639097,0.6736842105263158
21,1,0.951695188561676,0.5157141353782143,0.4915745114420033,0.3545549046092491,0.1086988555086624,0.9542459576486149,0.8571428571428572,0.7052631578947369
21,10,0.41385824696941753,0.6971181923170752,0.6680063074204952,0.4800631001813538,0.07400195839730486,0.9659192544212135,0.8436090225563909,0.6842105263157895
21,100,0.2355111144105957,0.8020857963703193,0.7570315247138667,0.5599969784522912,0.03961276003347802,0.9734632477597781,0.8421052631578947,0.6842105263157895
21,1000,0.19125842121642558,0.8375848320542715,0.7924870203364601,0.5966045999167378,0.034701832733685455,0.9745932709829946,0.8571428571428572,0.6947368421052632
21,10000,0.2161866524991618,0.8313412033486801,0.7896125268673925,0.5955827542373394,0.06021862709811852,0.9677328247104809,0.8360902255639097,0.6736842105263158
22,1,1.0481531078877697,0.48413013184594966,0.44579497486616243,0.30954260243175097,0.068815858192635,0.9684607660952939,0.8571428571428572,0.7052631578947369
22,10,0.5220719810882588,0.6385490709811938,0.5904063383426953,0.41635102207086544,0.058513673435364136,0.9714677193953538,0.8601503759398496,0.7052631578947369
22,100,0.26820144488731607,0.778664412672816,0.7289035851446036,0.5348851208810763,0.03962351171555122,0.975535643118507,0.8511278195488721,0.6947368421052632
22,1000,0.19693068014717421,0.8344062732009523,0.7914416476136403,0.5948419161197755,0.03567406373736949,0.9759042614043769,0.8571428571428572,0.6947368421052632
22,10000,0.21850050959723505,0.8306445774350623,0.7897525354941829,0.5956083003793244,0.062157651163074056,0.9687061438044001,0.8360902255639097,0.6736842105263158
23,1,1.1426357010459622,0.48979980760016395,0.4612598285549784,0.3182538368486221,0.09327848110074598,0.9488731833290486,0.8270676691729323,0.6526315789473685
23,10,0.5849555132607533,0.6258652514780717,0.5822219332469891,0.40996448657462564,0.07078604013893632,0.9646831355506006,0.8300751879699247,0.6631578947368422
23,100,0.2883537393715182,0.766471895907216,0.7254717785156771,0.5331479832260991,0.040885482350017384,0.9742805205307388,0.8511278195488721,0.6947368421052632
23,1000,0.20014384371778107,0.8309518400420671,0.7906288093259326,0.595863761799174,0.03553550867485851,0.9757286974037211,0.863157894736842,0.7052631578947369
23,10000,0.21836209874380047,0.8310929555140735,0.7880862263883384,0.5939478011503021,0.06249938109560862,0.968940243443423,0.8360902255639097,0.6736842105263158
24,1,0.9640759506375707,0.5569549861723234,0.5091847252016545,0.3531754129420613,0.1773627507175919,0.9440745162732179,0.8120300751879698,0.631578947368421
24,10,0.46806116028963984,0.684489005826002,0.6248147721303495,0.4441196784085161,0.09621155112788829,0.9611835983351162,0.8270676691729323,0.6526315789473685
24,100,0.2727562111858636,0.77717953428559,0.731311977508263,0.5404541798337974,0.04866560925644497,0.971164409591235,0.8225563909774435,0.6631578947368422
24,1000,0.2109961746793311,0.8207472391596263,0.7744170865616299,0.5810214533059126,0.039631148421336485,0.9730717740813574,0.8481203007518796,0.6842105263157895
24,10000,0.2282504860498699,0.8240330609421539,0.7723477365361704,0.5787733928112362,0.06941838732497224,0.9663029418217453,0.8090225563909773,0.6421052631578947
25,1,1.2837975237441879,0.4132932913041631,0.3727185418838314,0.25959989485115564,0.10081813229797065,0.9306586666122664,0.7954887218045112,0.6210526315789474
25,10,0.5924461113779578,0.5923525137381721,0.5319236463933512,0.3809951615636819,0.05711164119337817,0.9569773079248823,0.8210526315789473,0.6421052631578947
25,100,0.28105783868054357,0.7615958511535772,0.7080564695266992,0.5197107125420105,0.035051447182593835,0.9709818976848431,0.8225563909774435,0.6631578947368422
25,1000,0.2132239264354343,0.8151572091749365,0.7647913996302158,0.5716204730554477,0.034282418272252216,0.9733651091551118,0.8541353383458646,0.6947368421052632
25,10000,0.23697538235753035,0.8170394053998712,0.766760846464081,0.5722754853732961,0.07358637138492058,0.9661360057282963,0.819548872180451,0.6526315789473685
26,1,1.236333047665283,0.4735272100419012,0.4614201065272024,0.3152393920943969,0.12660286941374665,0.9495521205713019,0.77593984962406,0.6000000000000001
26,10,0.5667695924361285,0.629072734434849,0.6049054890969926,0.4234783956846691,0.07822830478389205,0.9599802647277835,0.8105263157894737,0.631578947368421
26,100,0.25267504981874095,0.7892225763714601,0.7292956468354421,0.5323560528245653,0.041092513298561964,0.9717413749217632,0.8270676691729323,0.6736842105263158
26,1000,0.20091348238495552,0.8280773244748549,0.7786229757390787,0.5818133837074464,0.035407018717952765,0.9738697017102814,0.8481203007518796,0.6842105263157895
26,10000,0.2345616864775385,0.8199480704771942,0.76594740919686,0.5705475350920793,0.07463551531610349,0.965797514278237,0.8120300751879698,0.6526315789473685
27,1,1.160177556188009,0.471995212137264,0.41522326541829335,0.28409864501473153,0.04363045562119683,0.9730536803016208,0.8661654135338346,0.7052631578947369
27,10,0.5092794424380213,0.6463805348475377,0.5982691552587692,0.41900782083730126,0.03800715961088777,0.9732682470752687,0.8390977443609022,0.6736842105263158
27,100,0.2391307835158903,0.795724436922021,0.7330933339173552,0.5366478046780384,0.029966306616512638,0.9755318366818349,0.8511278195488721,0.6947368421052632
27,1000,0.20170414890177996,0.8264546291743021,0.7674987648390194,0.5730255108646204,0.031704628998612504,0.9753474808539783,0.863157894736842,0.7052631578947369
27,10000,0.23641976537089146,0.8192951626200282,0.7618360164585386,0.5669710752141851,0.07417948418613365,0.965961352772254,0.8210526315789473,0.6526315789473685
28,1,1.1821564782816099,0.4933284720481529,0.44070098807212793,0.30892949502411193,0.06454620243675847,0.9711926006350574,0.8586466165413533,0.7052631578947369
28,10,0.4919874198213552,0.6659573003853653,0.6097801728341843,0.4342333214603369,0.0647641452815029,0.9707383223495187,0.8436090225563909,0.6736842105263158
28,100,0.25791398267547755,0.7844891139113518,0.7091653110358931,0.5184749732559752,0.03965606121562796,0.9736597114397673,0.8330827067669173,0.6736842105263158
28,1000,0.21960252939416805,0.8114614610126787,0.7521532750733118,0.5581832023713591,0.037308741324200374,0.9734049960132075,0.8541353383458646,0.6947368421052632
28,10000,0.2479234064725351,0.8094736522815953,0.7464766384376266,0.5528696048384876,0.0806466855338268,0.9646397661429058,0.8090225563909773,0.6421052631578947
29,1,1.4067643220830066,0.4485640988366805,0.40850463428402745,0.2886458582880543,0.037056258304022725,0.9755407111634705,0.837593984962406,0.6631578947368422
29,10,0.527881386323083,0.6363899330563705,0.5883423371722806,0.41729622932430893,0.03916198265612013,0.9734309804324602,0.8300751879699247,0.6631578947368422
29,100,0.26249029560519715,0.7758425952612202,0.6871498596263648,0.4956973390761488,0.0334191251074909,0.9745786535915577,0.8421052631578947,0.6842105263157895
29,1000,0.2255989470080106,0.8046037278037979,0.7279387267661447,0.5339399136276327,0.036147834476905435,0.97387238856135,0.863157894736842,0.7052631578947369
29,10000,0.25498704590089283,0.8029254788835718,0.7306411184781522,0.5379762040612563,0.08297627404095495,0.964784762393372,0.8360902255639097,0.6736842105263158
30,1,1.7121124525576024,0.4106539756082891,0.3647511876954756,0.2501733684587057,0.04940266936241513,0.9740016940987808,0.8360902255639097,0.6526315789473685
30,10,0.6021470409166177,0.6103160445210913,0.5717652969923642,0.40069123703408543,0.04912471604564037,0.97300264171573,0.8285714285714285,0.6631578947368422
30,100,0.2586496786875443,0.7798897652431672,0.7004496469362852,0.5087003253464931,0.03572788131673216,0.9746605400958287,0.8511278195488721,0.6947368421052632
30,1000,0.22087037945486226,0.8079255514736319,0.7352676904129078,0.5443627395574961,0.03458869986048746,0.9744581328441945,0.8616541353383457,0.6947368421052632
30,10000,0.25816118982720515,0.8007152541281569,0.722856845275633,0.5334545369299186,0.08450580111696143,0.965408987689746,0.819548872180451,0.6526315789473685
31,1,1.8363754646706394,0.394490181104146,0.3733405105020405,0.2554358737076073,0.055112950870118874,0.9587878749007699,0.825563909774436,0.6421052631578947
31,10,0.5952856121026809,0.6096896179801462,0.5709738541248363,0.40007812962644645,0.05330101572351431,0.9634222148377424,0.831578947368421,0.6736842105263158
31,100,0.2509348947734518,0.7854653298845121,0.7174305725918761,0.5236703645496792,0.03719950844009469,0.9706944543336942,0.8225563909774435,0.6631578947368422
31,1000,0.2121694060118285,0.8156968238556158,0.7577267820301478,0.566357967806546,0.03498579493133016,0.9733692319650569,0.863157894736842,0.7052631578947369
31,10000,0.25173797595745356,0.8088422643719714,0.744350609316603,0.5536359890980364,0.0856973492644948,0.965777334251204,0.819548872180451,0.6526315789473685
32,1,1.4337710650032398,0.4456750230939554,0.38569664717455737,0.2681833985581019,0.021646739678667426,0.9799339623686684,0.8646616541353382,0.7052631578947369
32,10,0.5540210622862675,0.6304623767133661,0.5645093405249866,0.39491780894548467,0.03641568249664658,0.9693401519731653,0.8225563909774435,0.6631578947368422
32,100,0.25565464006981037,0.7830322207641052,0.7154902519644308,0.5205537352275141,0.04008923044732376,0.9685197836397569,0.8225563909774435,0.6631578947368422
32,1000,0.21332480315003186,0.8158010727637875,0.7577880592642592,0.5619129391011631,0.036651203419583306,0.9731310438407678,0.8511278195488721,0.6947368421052632
32,10000,0.250876204819643,0.8135406308083412,0.7493335839085643,0.5567526184202014,0.0842013683819955,0.9680814052617096,0.819548872180451,0.6526315789473685
33,1,1.4987526746227113,0.443541199326612,0.38688456219234685,0.26769802186038777,0.032206837296826225,0.9646457642074397,0.7774436090225564,0.6105263157894737
33,10,0.6466932356222398,0.5950779948859473,0.551492854853324,0.3810973461316218,0.02441765212486387,0.9745490433054814,0.831578947368421,0.6526315789473685
33,100,0.30561433566312074,0.7473012956298617,0.6946534586983674,0.5048173117647793,0.03169317235524096,0.9746244792891816,0.8466165413533834,0.6842105263157895
33,1000,0.23175023691565588,0.8003945152150526,0.7506939760416629,0.5601247091622159,0.03487750574603038,0.9758587511973273,0.8706766917293233,0.7157894736842105
33,10000,0.2521793109860767,0.8068835863930459,0.7475399345168251,0.5564205185743969,0.08089999363477314,0.9703010194693955,0.8360902255639097,0.6736842105263158
34,1,1.3689938052449682,0.4527897139046244,0.43762821160814847,0.3055574042820973,0.06694436623874776,0.9657703554847125,0.7578947368421052,0.5684210526315789
34,10,0.49177503967823305,0.6535465721992573,0.6258308669097652,0.44580572377952343,0.054077908671031204,0.9677173204640256,0.7984962406015037,0.6421052631578947
34,100,0.2660789016342736,0.7760395908612289,0.7286965750704079,0.5360857895543694,0.03945131261267891,0.9727768320827876,0.8240601503759398,0.6631578947368422
34,1000,0.23067723348675948,0.8025538786920677,0.7491416820038814,0.5580810178034192,0.03750069109135391,0.9752650235649087,0.863157894736842,0.7052631578947369
34,10000,0.2562481340969585,0.80168412558804,0.7312566121665698,0.5430854324582481,0.08256611980379504,0.9676209583387242,0.8225563909774435,0.6631578947368422
35,1,1.3613503804876044,0.4356102897191869,0.41550300115318795,0.2829746147673934,0.07929382476957765,0.9572258349047387,0.7338345864661654,0.5368421052631579
35,10,0.5210225261109683,0.6335334786493859,0.598452799281979,0.4202084895105943,0.04662102433480275,0.9702730105147618,0.801503759398496,0.6421052631578947
35,100,0.28014575410561265,0.7664901884978081,0.7229109907030178,0.5311298380092873,0.03795946653892493,0.9745018602188779,0.8421052631578947,0.6842105263157895
35,1000,0.2233989516119948,0.8101696090601223,0.7570161350256671,0.5655660374050122,0.037175560986636665,0.9764333707547842,0.8541353383458646,0.6947368421052632
35,10000,0.24490189197135087,0.8150087317276625,0.750651091361741,0.5604568090080205,0.0764945542653154,0.9721947932156684,0.8481203007518796,0.6842105263157895
36,1,1.7044507152025283,0.38156092084139653,0.3704541932481366,0.2544651203121789,0.07612848993073676,0.957391199893385,0.7849624060150376,0.6210526315789474
36,10,0.673840345113232,0.5794296255857602,0.5681975168378216,0.3971403232981761,0.05919474398036327,0.9657003187580023,0.8105263157894737,0.6421052631578947
36,100,0.2752950263917415,0.7735704601912334,0.7286906631779897,0.5318195838428812,0.046080633917877915,0.9720631322026694,0.8300751879699247,0.6842105263157895
36,1000,0.2183629497749044,0.8158989923756474,0.7588475079214078,0.564467553299659,0.0424759317517774,0.9744503987099659,0.8556390977443609,0.7052631578947369
36,10000,0.24000494984888848,0.819023966693851,0.7527167816442751,0.5616063853973436,0.07936212192406153,0.9687522013654619,0.8210526315789473,0.6631578947368422
37,1,1.4737676676323443,0.3965493227008926,0.3737133350826296,0.25357100534270527,0.07028743967946115,0.9355534371743897,0.7293233082706766,0.5263157894736842
37,10,0.5742758262756074,0.6132121432087263,0.5804842122343163,0.4089937331791972,0.041591647721258,0.9628553789245533,0.7548872180451127,0.5894736842105264
37,100,0.24349613514856613,0.7953392253870223,0.7356443624155468,0.5423956866246542,0.03292546970595202,0.9744456891901739,0.8180451127819548,0.6526315789473685
37,1000,0.20292822916113426,0.8283749641571575,0.7601900705376896,0.5661280525286814,0.034871979915723265,0.9763452377215298,0.8541353383458646,0.6947368421052632
37,10000,0.2295273143562845,0.8248158609863094,0.7603059623969969,0.5699344276844402,0.07225994875879779,0.9683199719664755,0.8225563909774435,0.6631578947368422
38,1,1.7574145748263175,0.3924952711228819,0.3669964869000454,0.24889606135945774,0.1467147086730825,0.9405521427272138,0.78796992481203,0.6210526315789474
38,10,0.6894017946353757,0.5841680321307304,0.5888452233860678,0.4170407679044594,0.07542669026245431,0.9548938288276744,0.7924812030075187,0.631578947368421
38,100,0.26867894972932777,0.7768985405601997,0.7471535970392803,0.5533294353942169,0.03467011533441941,0.9728867170837598,0.8300751879699247,0.6631578947368422
38,1000,0.1999506167563139,0.8296451052492543,0.7836239675269809,0.5894261340189643,0.03222408898115592,0.9762857897394354,0.8481203007518796,0.6842105263157895
38,10000,0.22264888098693306,0.828409978262951,0.768439037252184,0.5773683550020635,0.06752197370106766,0.9692871700168731,0.806015037593985,0.6421052631578947
39,1,1.3446742958783238,0.42882741606529257,0.42114895225203625,0.28999980381325713,0.12096248372569007,0.9424880870602299,0.7834586466165413,0.6210526315789474
39,10,0.5723269978587382,0.6154862021835157,0.5959445616241471,0.41931437454112075,0.05540621114051721,0.9657125484324823,0.7609022556390977,0.5684210526315789
39,100,0.241950421051347,0.7972428991909137,0.7467024164242607,0.5470450844659169,0.036106042670197167,0.9741619567398749,0.8406015037593983,0.6736842105263158
39,1000,0.19256602933311917,0.8371142378544314,0.7874056080437594,0.5911121793899715,0.03293220889642369,0.9762371129267452,0.863157894736842,0.7052631578947369
39,10000,0.2187590461353593,0.830753339282318,0.7736856071743428,0.5811236378738526,0.06480847245497569,0.9698853872495591,0.8345864661654135,0.6736842105263158
40,1,1.4463227255071418,0.42903783122325234,0.4326825851619396,0.2991453226438725,0.1313370398151795,0.9205090924771804,0.6977443609022556,0.5263157894736842
40,10,0.5539436833904601,0.6254301938675193,0.610840278368268,0.43264946065726945,0.05300234578704037,0.9617381930105597,0.7563909774436091,0.5789473684210527
40,100,0.2269608168650186,0.8080953889246045,0.75521272631946,0.5585919406431185,0.031909238593331946,0.9745048007551729,0.8090225563909773,0.6421052631578947
40,1000,0.188942752805718,0.840278245575651,0.7860162194859434,0.5916486483716556,0.032124045968919164,0.9759767387965844,0.8556390977443609,0.7052631578947369
40,10000,0.2172865485579713,0.8298173148886633,0.7673143700993118,0.5761676863287704,0.06425738146908419,0.967497231914261,0.806015037593985,0.6421052631578947
41,1,1.0275040224395275,0.46385417871699197,0.4451152010776431,0.30714126508516476,0.05641640303602139,0.9513342308433889,0.6796992481203006,0.4842105263157895
41,10,0.41462468339919556,0.6670081690800677,0.6311266087625127,0.4450393395199747,0.036792591665974816,0.9667055865024491,0.7624060150375939,0.5894736842105264
41,100,0.22271749130955776,0.8091952503034285,0.753173029595653,0.560099163020231,0.027919179469319426,0.9750120906931914,0.8571428571428572,0.6947368421052632
41,1000,0.20303923822102227,0.8280022633213029,0.7729953233548579,0.578952215805131,0.029421628512525895,0.9765066817535865,0.8481203007518796,0.6842105263157895
41,10000,0.2317454020608735,0.8054609906274623,0.7373061672224063,0.5468407153300372,0.05337092433058406,0.9691873707635792,0.837593984962406,0.6842105263157895
42,1,0.8753272151740523,0.5358792047249605,0.4882346675840253,0.34083662636332596,0.05971086593065269,0.9628302639418829,0.8781954887218045,0.7578947368421053
42,10,0.42245046119935203,0.6854007495514824,0.6392314379094799,0.4580934180742888,0.03335898557241392,0.9746900697624727,0.882706766917293,0.7368421052631579
42,100,0.22274321495450167,0.8117894819276785,0.7525021705655418,0.5622194928049826,0.027103206064823398,0.9762968047983315,0.8766917293233082,0.7263157894736842
42,1000,0.19689336222969,0.8336206087405352,0.7775307770747252,0.5836271597883785,0.030853814037163196,0.9759227732815372,0.849624060150376,0.6947368421052632
42,10000,0.22990480184723175,0.8096383772879981,0.7384750328090706,0.5476581918735559,0.05617059787580243,0.9675805913005392,0.8436090225563909,0.7052631578947369
43,1,1.0036784156541305,0.47745862449331944,0.420755576807327,0.2970760851430908,0.03673207410780792,0.9626789442808936,0.8962406015037594,0.768421052631579
43,10,0.4972326024245741,0.634093151709672,0.577276119121656,0.41691303719453454,0.02852706286482959,0.9715767703887946,0.8360902255639097,0.6736842105263158
43,100,0.2407871055851221,0.7942114142235298,0.7336547760179504,0.5424212327666393,0.028324408560765884,0.9736681822736988,0.8406015037593983,0.6736842105263158
43,1000,0.19732999135150628,0.833008090732501,0.7762791449942074,0.5822221219792058,0.03264212750315158,0.9736684269140644,0.825563909774436,0.6631578947368422
43,10000,0.23011980500823992,0.813947343620376,0.7347512913021649,0.5460743310704884,0.06231511299617635,0.963528501103821,0.806015037593985,0.6421052631578947
44,1,0.9051618932685682,0.5200869379985789,0.5122440826082405,0.35573002714055724,0.05621439876469777,0.9571132981960322,0.7503759398496239,0.6000000000000001
44,10,0.43952705798015773,0.6773951552184149,0.6487060431457647,0.4685417901461372,0.0399363475279187,0.9704010662557212,0.7954887218045112,0.631578947368421
44,100,0.24405761631731873,0.7952815480910981,0.7429966921132958,0.5493186911025782,0.031011741889441707,0.9745352588464955,0.8541353383458646,0.6947368421052632
44,1000,0.2069582129095449,0.8237618541667313,0.7681207334572285,0.5759888633348758,0.03283312357196201,0.9740497442143438,0.8481203007518796,0.6842105263157895
44,10000,0.24146876078514487,0.8081796897015238,0.730003572492619,0.54196140221091,0.06942894165820719,0.9627088605872349,0.806015037593985,0.6421052631578947
45,1,1.228024323811894,0.46512752534441915,0.47090062365590546,0.3257644025922001,0.10553967922894372,0.9636510307012315,0.813533834586466,0.6421052631578947
45,10,0.5321381122112554,0.6509430296038863,0.6343201567430333,0.45497678875212383,0.06562129309486278,0.9690541290633122,0.8180451127819548,0.6631578947368422
45,100,0.2605834070594739,0.7882151171561167,0.7376887511174632,0.5447459316872705,0.03764895651362427,0.9753977632815508,0.863157894736842,0.7052631578947369
45,1000,0.21537206218477806,0.8175728421784196,0.7619566002959555,0.5673798134859444,0.033120444937353,0.9757641333037714,0.8556390977443609,0.7052631578947369
45,10000,0.24921111280160815,0.8023880696977321,0.7185098213966473,0.5317684915589113,0.07119823916809676,0.9635095899287865,0.8225563909774435,0.6631578947368422
46,1,1.1296693341131927,0.47118701744118324,0.4860419185342831,0.34201174889463415,0.06425629888427986,0.9572937491124933,0.7729323308270677,0.6210526315789474
46,10,0.5256480183826662,0.6431343645976605,0.6229920324743307,0.44792605356427506,0.04808114168799116,0.9695860651998481,0.806015037593985,0.631578947368421
46,100,0.26140437147191165,0.7845319845495915,0.7358961339609081,0.5440306397116916,0.0313190878832713,0.9756662278319033,0.863157894736842,0.7052631578947369
46,1000,0.2196624323664836,0.8120348004939758,0.7520656289222243,0.5609932779897047,0.03143317495782569,0.9750882815351235,0.8556390977443609,0.7052631578947369
46,10000,0.25585630433399276,0.7935820342626421,0.702098501883562,0.5171816444854995,0.07128797636689785,0.961241340952837,0.8210526315789473,0.6526315789473685
47,1,1.376239684787583,0.4323677498669919,0.4191429439310562,0.29505793992627904,0.05950856378482642,0.9440266257964,0.7924812030075187,0.631578947368421
47,10,0.6266196122268316,0.6009336598021291,0.5705304621934787,0.4052895425913781,0.03499727503235042,0.9678982696981769,0.8300751879699247,0.6631578947368422
47,100,0.2853556934940717,0.7645888290975996,0.7110821385304581,0.5208858350733186,0.02705870956927341,0.9754538447622981,0.8571428571428572,0.6947368421052632
47,1000,0.24289066240644877,0.7901691066421521,0.7229211253757345,0.5352172207268807,0.030907185183925507,0.9733953670028458,0.8541353383458646,0.6947368421052632
47,10000,0.276030631233119,0.771757321822829,0.6783024780237717,0.49482877024866023,0.07690916662051937,0.961907227862517,0.813533834586466,0.6526315789473685
48,1,1.2043368606917666,0.49668153753317335,0.4712276545301448,0.3341946294472366,0.08943870921811714,0.9280172834484821,0.7834586466165413,0.6210526315789474
48,10,0.5740526260772194,0.6312573314264094,0.5938155296371332,0.42386158781444344,0.04918031827575434,0.9592582845939701,0.8165413533834586,0.6526315789473685
48,100,0.2766303984547478,0.7710795019272499,0.718920087962551,0.5240791028214385,0.027477350981940603,0.9749290237211059,0.8481203007518796,0.6842105263157895
48,1000,0.23572019300273148,0.7956354488920414,0.7249144653558185,0.5341953750474824,0.03148773399747627,0.9718484735746455,0.8451127819548873,0.6842105263157895
48,10000,0.2718233307617912,0.7730398916427488,0.682062066243435,0.49510977781049476,0.07464188529502276,0.9580747537028237,0.8120300751879698,0.6421052631578947
