clip,pred
audiomos-track3-16k_nv_1089_134686_000009_000000.wav,3.791297674179077
audiomos-track3-16k_nv_1089_134686_000015_000002.wav,3.8890624046325684
audiomos-track3-16k_nv_1188_133604_000055_000001.wav,3.877326726913452
audiomos-track3-16k_nv_121_127105_000008_000001.wav,3.4729623794555664
audiomos-track3-16k_nv_1221_135766_000026_000005.wav,3.223808765411377
audiomos-track3-16k_nv_1284_1181_000021_000003.wav,3.873609781265259
audiomos-track3-16k_nv_1320_122612_000020_000000.wav,3.5575008392333984
audiomos-track3-16k_nv_1580_141083_000018_000003.wav,3.6227951049804688
audiomos-track3-16k_nv_1995_1837_000010_000005.wav,3.1563596725463867
audiomos-track3-16k_nv_2300_131720_000039_000005.wav,3.7356057167053223
audiomos-track3-16k_nv_237_126133_000021_000000.wav,4.272003173828125
audiomos-track3-16k_nv_260_123440_000010_000002.wav,3.813204765319824
audiomos-track3-16k_nv_2830_3980_000022_000000.wav,3.907284736633301
audiomos-track3-16k_nv_2961_961_000004_000037.wav,2.950955390930176
audiomos-track3-16k_nv_3570_5695_000006_000001.wav,3.576270341873169
audiomos-track3-16k_nv_3575_170457_000023_000002.wav,3.695817708969116
audiomos-track3-16k_nv_3729_6852_000068_000004.wav,3.7950539588928223
audiomos-track3-16k_nv_4077_13754_000006_000003.wav,3.671903371810913
audiomos-track3-16k_nv_4446_2271_000023_000009.wav,3.3741724491119385
audiomos-track3-16k_nv_4507_16021_000020_000003.wav,3.772894859313965
audiomos-track3-16k_nv_F-Seikatsu01_A-A__002400.wav,3.973130702972412
audiomos-track3-16k_nv_F-Seikatsu02_M-O__002060.wav,3.9655580520629883
audiomos-track3-16k_nv_F-Seikatsu04_A-YO_001270.wav,3.750549793243408
audiomos-track3-16k_nv_F-Seikatsu08_b2-YA_001250.wav,4.027590274810791
audiomos-track3-16k_nv_F-Seikatsu11_K-E__003780.wav,3.8677268028259277
audiomos-track3-16k_nv_M-Seikatsu01_A-A__002400.wav,3.641007900238037
audiomos-track3-16k_nv_M-Seikatsu02_M-O__002060.wav,3.263899564743042
audiomos-track3-16k_nv_M-Seikatsu04_A-YO_001270.wav,3.20668888092041
audiomos-track3-16k_nv_M-Seikatsu08_b2-YA_001250.wav,3.463230609893799
audiomos-track3-16k_nv_M-Seikatsu11_K-E__003780.wav,2.934771776199341
audiomos-track3-16k_original_1089_134686_000009_000000.wav,3.783140182495117
audiomos-track3-16k_original_1089_134686_000015_000002.wav,4.111044883728027
audiomos-track3-16k_original_1188_133604_000055_000001.wav,3.9640040397644043
audiomos-track3-16k_original_121_127105_000008_000001.wav,3.5171234607696533
audiomos-track3-16k_original_1221_135766_000026_000005.wav,3.2894160747528076
audiomos-track3-16k_original_1284_1181_000021_000003.wav,3.9359259605407715
audiomos-track3-16k_original_1320_122612_000020_000000.wav,3.6677632331848145
audiomos-track3-16k_original_1580_141083_000018_000003.wav,3.741943836212158
audiomos-track3-16k_original_1995_1837_000010_000005.wav,3.462301731109619
audiomos-track3-16k_original_2300_131720_000039_000005.wav,3.7346415519714355
audiomos-track3-16k_original_237_126133_000021_000000.wav,4.240777969360352
audiomos-track3-16k_original_260_123440_000010_000002.wav,3.8431406021118164
audiomos-track3-16k_original_2830_3980_000022_000000.wav,3.8670921325683594
audiomos-track3-16k_original_2961_961_000004_000037.wav,2.9673376083374023
audiomos-track3-16k_original_3570_5695_000006_000001.wav,3.674863815307617
audiomos-track3-16k_original_3575_170457_000023_000002.wav,3.7576282024383545
audiomos-track3-16k_original_3729_6852_000068_000004.wav,4.003485679626465
audiomos-track3-16k_original_4077_13754_000006_000003.wav,3.825061082839966
audiomos-track3-16k_original_4446_2271_000023_000009.wav,3.439370632171631
audiomos-track3-16k_original_4507_16021_000020_000003.wav,3.8534843921661377
audiomos-track3-16k_original_F-Seikatsu01_A-A__002400.wav,3.952554702758789
audiomos-track3-16k_original_F-Seikatsu02_M-O__002060.wav,3.977935314178467
audiomos-track3-16k_original_F-Seikatsu04_A-YO_001270.wav,3.7204434871673584
audiomos-track3-16k_original_F-Seikatsu08_b2-YA_001250.wav,4.031710624694824
audiomos-track3-16k_original_F-Seikatsu11_K-E__003780.wav,3.874126434326172
audiomos-track3-16k_original_M-Seikatsu01_A-A__002400.wav,3.716982364654541
audiomos-track3-16k_original_M-Seikatsu02_M-O__002060.wav,3.2476181983947754
audiomos-track3-16k_original_M-Seikatsu04_A-YO_001270.wav,3.2737679481506348
audiomos-track3-16k_original_M-Seikatsu08_b2-YA_001250.wav,3.4574005603790283
audiomos-track3-16k_original_M-Seikatsu11_K-E__003780.wav,3.097071886062622
audiomos-track3-16k_tts_1089_134686_000009_000000.wav,3.311384916305542
audiomos-track3-16k_tts_1089_134686_000015_000002.wav,3.458862066268921
audiomos-track3-16k_tts_1188_133604_000055_000001.wav,3.544887065887451
audiomos-track3-16k_tts_121_127105_000008_000001.wav,3.1249732971191406
audiomos-track3-16k_tts_1221_135766_000026_000005.wav,3.129875421524048
audiomos-track3-16k_tts_1284_1181_000021_000003.wav,3.254230260848999
audiomos-track3-16k_tts_1320_122612_000020_000000.wav,3.030545949935913
audiomos-track3-16k_tts_1580_141083_000018_000003.wav,3.0556421279907227
audiomos-track3-16k_tts_1995_1837_000010_000005.wav,2.7350540161132812
audiomos-track3-16k_tts_2300_131720_000039_000005.wav,3.055478572845459
audiomos-track3-16k_tts_237_126133_000021_000000.wav,3.538569211959839
audiomos-track3-16k_tts_260_123440_000010_000002.wav,2.9720797538757324
audiomos-track3-16k_tts_2830_3980_000022_000000.wav,3.376220464706421
audiomos-track3-16k_tts_2961_961_000004_000037.wav,2.895155668258667
audiomos-track3-16k_tts_3570_5695_000006_000001.wav,3.227588415145874
audiomos-track3-16k_tts_3575_170457_000023_000002.wav,3.5289294719696045
audiomos-track3-16k_tts_3729_6852_000068_000004.wav,3.1394293308258057
audiomos-track3-16k_tts_4077_13754_000006_000003.wav,3.191206932067871
audiomos-track3-16k_tts_4446_2271_000023_000009.wav,2.7560782432556152
audiomos-track3-16k_tts_4507_16021_000020_000003.wav,3.5803890228271484
audiomos-track3-16k_tts_F-Seikatsu01_A-A__002400.wav,3.9062047004699707
audiomos-track3-16k_tts_F-Seikatsu02_M-O__002060.wav,3.7849836349487305
audiomos-track3-16k_tts_F-Seikatsu04_A-YO_001270.wav,3.7838709354400635
audiomos-track3-16k_tts_F-Seikatsu08_b2-YA_001250.wav,3.876692056655884
audiomos-track3-16k_tts_F-Seikatsu11_K-E__003780.wav,3.6155002117156982
audiomos-track3-16k_tts_M-Seikatsu01_A-A__002400.wav,3.4790406227111816
audiomos-track3-16k_tts_M-Seikatsu02_M-O__002060.wav,3.1208109855651855
audiomos-track3-16k_tts_M-Seikatsu04_A-YO_001270.wav,3.3564634323120117
audiomos-track3-16k_tts_M-Seikatsu08_b2-YA_001250.wav,3.4215214252471924
audiomos-track3-16k_tts_M-Seikatsu11_K-E__003780.wav,2.906507730484009
audiomos-track3-16k_world_1089_134686_000009_000000.wav,2.2943053245544434
audiomos-track3-16k_world_1089_134686_000015_000002.wav,2.016977071762085
audiomos-track3-16k_world_1188_133604_000055_000001.wav,2.126861572265625
audiomos-track3-16k_world_121_127105_000008_000001.wav,1.9093750715255737
audiomos-track3-16k_world_1221_135766_000026_000005.wav,2.0595498085021973
audiomos-track3-16k_world_1284_1181_000021_000003.wav,2.2002687454223633
audiomos-track3-16k_world_1320_122612_000020_000000.wav,1.87814199924469
audiomos-track3-16k_world_1580_141083_000018_000003.wav,2.279966354370117
audiomos-track3-16k_world_1995_1837_000010_000005.wav,1.9591482877731323
audiomos-track3-16k_world_2300_131720_000039_000005.wav,2.151360273361206
audiomos-track3-16k_world_237_126133_000021_000000.wav,2.7073729038238525
audiomos-track3-16k_world_260_123440_000010_000002.wav,2.3173086643218994
audiomos-track3-16k_world_2830_3980_000022_000000.wav,2.0050501823425293
audiomos-track3-16k_world_2961_961_000004_000037.wav,1.7354655265808105
audiomos-track3-16k_world_3570_5695_000006_000001.wav,2.0351104736328125
audiomos-track3-16k_world_3575_170457_000023_000002.wav,2.102993965148926
audiomos-track3-16k_world_3729_6852_000068_000004.wav,2.5023703575134277
audiomos-track3-16k_world_4077_13754_000006_000003.wav,2.1717536449432373
audiomos-track3-16k_world_4446_2271_000023_000009.wav,1.7540024518966675
audiomos-track3-16k_world_4507_16021_000020_000003.wav,2.370694160461426
audiomos-track3-16k_world_F-Seikatsu01_A-A__002400.wav,2.4076755046844482
audiomos-track3-16k_world_F-Seikatsu02_M-O__002060.wav,2.3164448738098145
audiomos-track3-16k_world_F-Seikatsu04_A-YO_001270.wav,2.2095699310302734
audiomos-track3-16k_world_F-Seikatsu08_b2-YA_001250.wav,2.3303990364074707
audiomos-track3-16k_world_F-Seikatsu11_K-E__003780.wav,2.361316204071045
audiomos-track3-16k_world_M-Seikatsu01_A-A__002400.wav,1.8636376857757568
audiomos-track3-16k_world_M-Seikatsu02_M-O__002060.wav,1.8026304244995117
audiomos-track3-16k_world_M-Seikatsu04_A-YO_001270.wav,1.613247036933899
audiomos-track3-16k_world_M-Seikatsu08_b2-YA_001250.wav,1.7213187217712402
audiomos-track3-16k_world_M-Seikatsu11_K-E__003780.wav,1.6356569528579712
audiomos-track3-24k_nvSR_1089_134686_000009_000000.wav,3.7309815883636475
audiomos-track3-24k_nvSR_1089_134686_000015_000002.wav,3.8446590900421143
audiomos-track3-24k_nvSR_1188_133604_000055_000001.wav,3.792067527770996
audiomos-track3-24k_nvSR_121_127105_000008_000001.wav,3.398672103881836
audiomos-track3-24k_nvSR_1221_135766_000026_000005.wav,3.1740667819976807
audiomos-track3-24k_nvSR_1284_1181_000021_000003.wav,3.778895139694214
audiomos-track3-24k_nvSR_1320_122612_000020_000000.wav,3.4947752952575684
audiomos-track3-24k_nvSR_1580_141083_000018_000003.wav,3.5211262702941895
audiomos-track3-24k_nvSR_1995_1837_000010_000005.wav,3.0664448738098145
audiomos-track3-24k_nvSR_2300_131720_000039_000005.wav,3.6463124752044678
audiomos-track3-24k_nvSR_237_126133_000021_000000.wav,4.171201705932617
audiomos-track3-24k_nvSR_260_123440_000010_000002.wav,3.7575366497039795
audiomos-track3-24k_nvSR_2830_3980_000022_000000.wav,3.8087472915649414
audiomos-track3-24k_nvSR_2961_961_000004_000037.wav,2.9064645767211914
audiomos-track3-24k_nvSR_3570_5695_000006_000001.wav,3.519413948059082
audiomos-track3-24k_nvSR_3575_170457_000023_000002.wav,3.648678779602051
audiomos-track3-24k_nvSR_3729_6852_000068_000004.wav,3.751680850982666
audiomos-track3-24k_nvSR_4077_13754_000006_000003.wav,3.5958175659179688
audiomos-track3-24k_nvSR_4446_2271_000023_000009.wav,3.3291566371917725
audiomos-track3-24k_nvSR_4507_16021_000020_000003.wav,3.7311713695526123
audiomos-track3-24k_nvSR_F-Seikatsu01_A-A__002400.wav,3.825718402862549
audiomos-track3-24k_nvSR_F-Seikatsu02_M-O__002060.wav,3.9257781505584717
audiomos-track3-24k_nvSR_F-Seikatsu04_A-YO_001270.wav,3.6673026084899902
audiomos-track3-24k_nvSR_F-Seikatsu08_b2-YA_001250.wav,3.9897775650024414
audiomos-track3-24k_nvSR_F-Seikatsu11_K-E__003780.wav,3.753706455230713
audiomos-track3-24k_nvSR_M-Seikatsu01_A-A__002400.wav,3.5230891704559326
audiomos-track3-24k_nvSR_M-Seikatsu02_M-O__002060.wav,3.1877036094665527
audiomos-track3-24k_nvSR_M-Seikatsu04_A-YO_001270.wav,3.086670398712158
audiomos-track3-24k_nvSR_M-Seikatsu08_b2-YA_001250.wav,3.399062156677246
audiomos-track3-24k_nvSR_M-Seikatsu11_K-E__003780.wav,2.822277545928955
audiomos-track3-24k_nv_1089_134686_000009_000000.wav,3.770498275756836
audiomos-track3-24k_nv_1089_134686_000015_000002.wav,3.8668060302734375
audiomos-track3-24k_nv_1188_133604_000055_000001.wav,3.8318381309509277
audiomos-track3-24k_nv_121_127105_000008_000001.wav,3.4287776947021484
audiomos-track3-24k_nv_1221_135766_000026_000005.wav,3.1876778602600098
audiomos-track3-24k_nv_1284_1181_000021_000003.wav,3.8562097549438477
audiomos-track3-24k_nv_1320_122612_000020_000000.wav,3.5396881103515625
audiomos-track3-24k_nv_1580_141083_000018_000003.wav,3.593665361404419
audiomos-track3-24k_nv_1995_1837_000010_000005.wav,3.125241994857788
audiomos-track3-24k_nv_2300_131720_000039_000005.wav,3.7169175148010254
audiomos-track3-24k_nv_237_126133_000021_000000.wav,4.25236177444458
audiomos-track3-24k_nv_260_123440_000010_000002.wav,3.7836437225341797
audiomos-track3-24k_nv_2830_3980_000022_000000.wav,3.8713021278381348
audiomos-track3-24k_nv_2961_961_000004_000037.wav,2.9142699241638184
audiomos-track3-24k_nv_3570_5695_000006_000001.wav,3.562819004058838
audiomos-track3-24k_nv_3575_170457_000023_000002.wav,3.6687211990356445
audiomos-track3-24k_nv_3729_6852_000068_000004.wav,3.790707588195801
audiomos-track3-24k_nv_4077_13754_000006_000003.wav,3.618173360824585
audiomos-track3-24k_nv_4446_2271_000023_000009.wav,3.3318819999694824
audiomos-track3-24k_nv_4507_16021_000020_000003.wav,3.760876178741455
audiomos-track3-24k_nv_F-Seikatsu01_A-A__002400.wav,3.928755044937134
audiomos-track3-24k_nv_F-Seikatsu02_M-O__002060.wav,3.953078269958496
audiomos-track3-24k_nv_F-Seikatsu04_A-YO_001270.wav,3.7004032135009766
audiomos-track3-24k_nv_F-Seikatsu08_b2-YA_001250.wav,4.005880355834961
audiomos-track3-24k_nv_F-Seikatsu11_K-E__003780.wav,3.853938579559326
audiomos-track3-24k_nv_M-Seikatsu01_A-A__002400.wav,3.605283260345459
audiomos-track3-24k_nv_M-Seikatsu02_M-O__002060.wav,3.238579034805298
audiomos-track3-24k_nv_M-Seikatsu04_A-YO_001270.wav,3.1551592350006104
audiomos-track3-24k_nv_M-Seikatsu08_b2-YA_001250.wav,3.4113099575042725
audiomos-track3-24k_nv_M-Seikatsu11_K-E__003780.wav,2.919203042984009
audiomos-track3-24k_originalSR_1089_134686_000009_000000.wav,3.7514991760253906
audiomos-track3-24k_originalSR_1089_134686_000015_000002.wav,3.995361089706421
audiomos-track3-24k_originalSR_1188_133604_000055_000001.wav,3.8349475860595703
audiomos-track3-24k_originalSR_121_127105_000008_000001.wav,3.429832935333252
audiomos-track3-24k_originalSR_1221_135766_000026_000005.wav,3.2373642921447754
audiomos-track3-24k_originalSR_1284_1181_000021_000003.wav,3.8080101013183594
audiomos-track3-24k_originalSR_1320_122612_000020_000000.wav,3.6049814224243164
audiomos-track3-24k_originalSR_1580_141083_000018_000003.wav,3.588634490966797
audiomos-track3-24k_originalSR_1995_1837_000010_000005.wav,3.342813491821289
audiomos-track3-24k_originalSR_2300_131720_000039_000005.wav,3.6978845596313477
audiomos-track3-24k_originalSR_237_126133_000021_000000.wav,4.181908130645752
audiomos-track3-24k_originalSR_260_123440_000010_000002.wav,3.7501306533813477
audiomos-track3-24k_originalSR_2830_3980_000022_000000.wav,3.7915055751800537
audiomos-track3-24k_originalSR_2961_961_000004_000037.wav,2.874061346054077
audiomos-track3-24k_originalSR_3570_5695_000006_000001.wav,3.6187970638275146
audiomos-track3-24k_originalSR_3575_170457_000023_000002.wav,3.7236757278442383
audiomos-track3-24k_originalSR_3729_6852_000068_000004.wav,3.862678050994873
audiomos-track3-24k_originalSR_4077_13754_000006_000003.wav,3.786715030670166
audiomos-track3-24k_originalSR_4446_2271_000023_000009.wav,3.378185272216797
audiomos-track3-24k_originalSR_4507_16021_000020_000003.wav,3.7242588996887207
audiomos-track3-24k_originalSR_F-Seikatsu01_A-A__002400.wav,3.7770159244537354
audiomos-track3-24k_originalSR_F-Seikatsu02_M-O__002060.wav,3.896146774291992
audiomos-track3-24k_originalSR_F-Seikatsu04_A-YO_001270.wav,3.651705503463745
audiomos-track3-24k_originalSR_F-Seikatsu08_b2-YA_001250.wav,3.9740190505981445
audiomos-track3-24k_originalSR_F-Seikatsu11_K-E__003780.wav,3.76273512840271
audiomos-track3-24k_originalSR_M-Seikatsu01_A-A__002400.wav,3.6107840538024902
audiomos-track3-24k_originalSR_M-Seikatsu02_M-O__002060.wav,3.1494648456573486
audiomos-track3-24k_originalSR_M-Seikatsu04_A-YO_001270.wav,3.16748046875
audiomos-track3-24k_originalSR_M-Seikatsu08_b2-YA_001250.wav,3.424837589263916
audiomos-track3-24k_originalSR_M-Seikatsu11_K-E__003780.wav,2.9485301971435547
audiomos-track3-24k_original_1089_134686_000009_000000.wav,3.762305736541748
audiomos-track3-24k_original_1089_134686_000015_000002.wav,4.081190586090088
audiomos-track3-24k_original_1188_133604_000055_000001.wav,3.9272196292877197
audiomos-track3-24k_original_121_127105_000008_000001.wav,3.453892230987549
audiomos-track3-24k_original_1221_135766_000026_000005.wav,3.2476539611816406
audiomos-track3-24k_original_1284_1181_000021_000003.wav,3.908315896987915
audiomos-track3-24k_original_1320_122612_000020_000000.wav,3.6365904808044434
audiomos-track3-24k_original_1580_141083_000018_000003.wav,3.713346004486084
audiomos-track3-24k_original_1995_1837_000010_000005.wav,3.4231512546539307
audiomos-track3-24k_original_2300_131720_000039_000005.wav,3.7259905338287354
audiomos-track3-24k_original_237_126133_000021_000000.wav,4.229732513427734
audiomos-track3-24k_original_260_123440_000010_000002.wav,3.799558162689209
audiomos-track3-24k_original_2830_3980_000022_000000.wav,3.8294529914855957
audiomos-track3-24k_original_2961_961_000004_000037.wav,2.928114414215088
audiomos-track3-24k_original_3570_5695_000006_000001.wav,3.650452136993408
audiomos-track3-24k_original_3575_170457_000023_000002.wav,3.722066879272461
audiomos-track3-24k_original_3729_6852_000068_000004.wav,3.980468511581421
audiomos-track3-24k_original_4077_13754_000006_000003.wav,3.7944674491882324
audiomos-track3-24k_original_4446_2271_000023_000009.wav,3.403038501739502
audiomos-track3-24k_original_4507_16021_000020_000003.wav,3.827131509780884
audiomos-track3-24k_original_F-Seikatsu01_A-A__002400.wav,3.9262642860412598
audiomos-track3-24k_original_F-Seikatsu02_M-O__002060.wav,3.9607582092285156
audiomos-track3-24k_original_F-Seikatsu04_A-YO_001270.wav,3.671480655670166
audiomos-track3-24k_original_F-Seikatsu08_b2-YA_001250.wav,3.992663860321045
audiomos-track3-24k_original_F-Seikatsu11_K-E__003780.wav,3.8669822216033936
audiomos-track3-24k_original_M-Seikatsu01_A-A__002400.wav,3.6944680213928223
audiomos-track3-24k_original_M-Seikatsu02_M-O__002060.wav,3.197282552719116
audiomos-track3-24k_original_M-Seikatsu04_A-YO_001270.wav,3.213003635406494
audiomos-track3-24k_original_M-Seikatsu08_b2-YA_001250.wav,3.4212887287139893
audiomos-track3-24k_original_M-Seikatsu11_K-E__003780.wav,3.0633649826049805
audiomos-track3-24k_ttsSR_1089_134686_000009_000000.wav,3.249614953994751
audiomos-track3-24k_ttsSR_1089_134686_000015_000002.wav,3.3780481815338135
audiomos-track3-24k_ttsSR_1188_133604_000055_000001.wav,3.407144069671631
audiomos-track3-24k_ttsSR_121_127105_000008_000001.wav,3.0595502853393555
audiomos-track3-24k_ttsSR_1221_135766_000026_000005.wav,3.054509162902832
audiomos-track3-24k_ttsSR_1284_1181_000021_000003.wav,3.210855722427368
audiomos-track3-24k_ttsSR_1320_122612_000020_000000.wav,2.9675447940826416
audiomos-track3-24k_ttsSR_1580_141083_000018_000003.wav,2.9380576610565186
audiomos-track3-24k_ttsSR_1995_1837_000010_000005.wav,2.6270673274993896
audiomos-track3-24k_ttsSR_2300_131720_000039_000005.wav,3.007875919342041
audiomos-track3-24k_ttsSR_237_126133_000021_000000.wav,3.462714910507202
audiomos-track3-24k_ttsSR_260_123440_000010_000002.wav,2.868159770965576
audiomos-track3-24k_ttsSR_2830_3980_000022_000000.wav,3.24725604057312
audiomos-track3-24k_ttsSR_2961_961_000004_000037.wav,2.8620805740356445
audiomos-track3-24k_ttsSR_3570_5695_000006_000001.wav,3.1870474815368652
audiomos-track3-24k_ttsSR_3575_170457_000023_000002.wav,3.4867141246795654
audiomos-track3-24k_ttsSR_3729_6852_000068_000004.wav,3.097757339477539
audiomos-track3-24k_ttsSR_4077_13754_000006_000003.wav,3.1318514347076416
audiomos-track3-24k_ttsSR_4446_2271_000023_000009.wav,2.6271471977233887
audiomos-track3-24k_ttsSR_4507_16021_000020_000003.wav,3.536888360977173
audiomos-track3-24k_ttsSR_F-Seikatsu01_A-A__002400.wav,3.828897476196289
audiomos-track3-24k_ttsSR_F-Seikatsu02_M-O__002060.wav,3.7420198917388916
audiomos-track3-24k_ttsSR_F-Seikatsu04_A-YO_001270.wav,3.6979904174804688
audiomos-track3-24k_ttsSR_F-Seikatsu08_b2-YA_001250.wav,3.815422534942627
audiomos-track3-24k_ttsSR_F-Seikatsu11_K-E__003780.wav,3.5357108116149902
audiomos-track3-24k_ttsSR_M-Seikatsu01_A-A__002400.wav,3.3844122886657715
audiomos-track3-24k_ttsSR_M-Seikatsu02_M-O__002060.wav,3.0423672199249268
audiomos-track3-24k_ttsSR_M-Seikatsu04_A-YO_001270.wav,3.2223031520843506
audiomos-track3-24k_ttsSR_M-Seikatsu08_b2-YA_001250.wav,3.383220672607422
audiomos-track3-24k_ttsSR_M-Seikatsu11_K-E__003780.wav,2.766791343688965
audiomos-track3-24k_tts_1089_134686_000009_000000.wav,3.2926273345947266
audiomos-track3-24k_tts_1089_134686_000015_000002.wav,3.4432477951049805
audiomos-track3-24k_tts_1188_133604_000055_000001.wav,3.507294178009033
audiomos-track3-24k_tts_121_127105_000008_000001.wav,3.103508234024048
audiomos-track3-24k_tts_1221_135766_000026_000005.wav,3.105889081954956
audiomos-track3-24k_tts_1284_1181_000021_000003.wav,3.2179441452026367
audiomos-track3-24k_tts_1320_122612_000020_000000.wav,3.0174014568328857
audiomos-track3-24k_tts_1580_141083_000018_000003.wav,3.017150640487671
audiomos-track3-24k_tts_1995_1837_000010_000005.wav,2.6751868724823
audiomos-track3-24k_tts_2300_131720_000039_000005.wav,3.0378549098968506
audiomos-track3-24k_tts_237_126133_000021_000000.wav,3.514486074447632
audiomos-track3-24k_tts_260_123440_000010_000002.wav,2.9424915313720703
audiomos-track3-24k_tts_2830_3980_000022_000000.wav,3.332584857940674
audiomos-track3-24k_tts_2961_961_000004_000037.wav,2.8818743228912354
audiomos-track3-24k_tts_3570_5695_000006_000001.wav,3.1852543354034424
audiomos-track3-24k_tts_3575_170457_000023_000002.wav,3.5152392387390137
audiomos-track3-24k_tts_3729_6852_000068_000004.wav,3.1115636825561523
audiomos-track3-24k_tts_4077_13754_000006_000003.wav,3.156120538711548
audiomos-track3-24k_tts_4446_2271_000023_000009.wav,2.7197279930114746
audiomos-track3-24k_tts_4507_16021_000020_000003.wav,3.559476613998413
audiomos-track3-24k_tts_F-Seikatsu01_A-A__002400.wav,3.878840923309326
audiomos-track3-24k_tts_F-Seikatsu02_M-O__002060.wav,3.737997531890869
audiomos-track3-24k_tts_F-Seikatsu04_A-YO_001270.wav,3.7341156005859375
audiomos-track3-24k_tts_F-Seikatsu08_b2-YA_001250.wav,3.851163864135742
audiomos-track3-24k_tts_F-Seikatsu11_K-E__003780.wav,3.5998871326446533
audiomos-track3-24k_tts_M-Seikatsu01_A-A__002400.wav,3.4299392700195312
audiomos-track3-24k_tts_M-Seikatsu02_M-O__002060.wav,3.07123064994812
audiomos-track3-24k_tts_M-Seikatsu04_A-YO_001270.wav,3.305581569671631
audiomos-track3-24k_tts_M-Seikatsu08_b2-YA_001250.wav,3.3764097690582275
audiomos-track3-24k_tts_M-Seikatsu11_K-E__003780.wav,2.876558303833008
audiomos-track3-24k_worldSR_1089_134686_000009_000000.wav,2.234990358352661
audiomos-track3-24k_worldSR_1089_134686_000015_000002.wav,1.9776573181152344
audiomos-track3-24k_worldSR_1188_133604_000055_000001.wav,2.06646990776062
audiomos-track3-24k_worldSR_121_127105_000008_000001.wav,1.8656538724899292
audiomos-track3-24k_worldSR_1221_135766_000026_000005.wav,1.9781357049942017
audiomos-track3-24k_worldSR_1284_1181_000021_000003.wav,2.1177780628204346
audiomos-track3-24k_worldSR_1320_122612_000020_000000.wav,1.829154372215271
audiomos-track3-24k_worldSR_1580_141083_000018_000003.wav,2.1970958709716797
audiomos-track3-24k_worldSR_1995_1837_000010_000005.wav,1.9103137254714966
audiomos-track3-24k_worldSR_2300_131720_000039_000005.wav,2.0805742740631104
audiomos-track3-24k_worldSR_237_126133_000021_000000.wav,2.5506668090820312
audiomos-track3-24k_worldSR_260_123440_000010_000002.wav,2.247997522354126
audiomos-track3-24k_worldSR_2830_3980_000022_000000.wav,1.9258991479873657
audiomos-track3-24k_worldSR_2961_961_000004_000037.wav,1.6583099365234375
audiomos-track3-24k_worldSR_3570_5695_000006_000001.wav,1.968433141708374
audiomos-track3-24k_worldSR_3575_170457_000023_000002.wav,2.0551674365997314
audiomos-track3-24k_worldSR_3729_6852_000068_000004.wav,2.4273409843444824
audiomos-track3-24k_worldSR_4077_13754_000006_000003.wav,2.1173081398010254
audiomos-track3-24k_worldSR_4446_2271_000023_000009.wav,1.7416791915893555
audiomos-track3-24k_worldSR_4507_16021_000020_000003.wav,2.296131134033203
audiomos-track3-24k_worldSR_F-Seikatsu01_A-A__002400.wav,2.317216396331787
audiomos-track3-24k_worldSR_F-Seikatsu02_M-O__002060.wav,2.2213802337646484
audiomos-track3-24k_worldSR_F-Seikatsu04_A-YO_001270.wav,2.1463005542755127
audiomos-track3-24k_worldSR_F-Seikatsu08_b2-YA_001250.wav,2.2777280807495117
audiomos-track3-24k_worldSR_F-Seikatsu11_K-E__003780.wav,2.2804555892944336
audiomos-track3-24k_worldSR_M-Seikatsu01_A-A__002400.wav,1.777221441268921
audiomos-track3-24k_worldSR_M-Seikatsu02_M-O__002060.wav,1.7294467687606812
audiomos-track3-24k_worldSR_M-Seikatsu04_A-YO_001270.wav,1.5429456233978271
audiomos-track3-24k_worldSR_M-Seikatsu08_b2-YA_001250.wav,1.6831504106521606
audiomos-track3-24k_worldSR_M-Seikatsu11_K-E__003780.wav,1.5656630992889404
audiomos-track3-24k_world_1089_134686_000009_000000.wav,2.563889741897583
audiomos-track3-24k_world_1089_134686_000015_000002.wav,2.217100143432617
audiomos-track3-24k_world_1188_133604_000055_000001.wav,2.5263071060180664
audiomos-track3-24k_world_121_127105_000008_000001.wav,2.0017552375793457
audiomos-track3-24k_world_1221_135766_000026_000005.wav,2.040558099746704
audiomos-track3-24k_world_1284_1181_000021_000003.wav,2.304731607437134
audiomos-track3-24k_world_1320_122612_000020_000000.wav,2.105241298675537
audiomos-track3-24k_world_1580_141083_000018_000003.wav,2.2537293434143066
audiomos-track3-24k_world_1995_1837_000010_000005.wav,1.9752010107040405
audiomos-track3-24k_world_2300_131720_000039_000005.wav,2.2783498764038086
audiomos-track3-24k_world_237_126133_000021_000000.wav,2.6886866092681885
audiomos-track3-24k_world_260_123440_000010_000002.wav,2.3460497856140137
audiomos-track3-24k_world_2830_3980_000022_000000.wav,2.1312367916107178
audiomos-track3-24k_world_2961_961_000004_000037.wav,1.883037805557251
audiomos-track3-24k_world_3570_5695_000006_000001.wav,2.127506732940674
audiomos-track3-24k_world_3575_170457_000023_000002.wav,2.190251588821411
audiomos-track3-24k_world_3729_6852_000068_000004.wav,2.5867514610290527
audiomos-track3-24k_world_4077_13754_000006_000003.wav,2.3307127952575684
audiomos-track3-24k_world_4446_2271_000023_000009.wav,1.801388144493103
audiomos-track3-24k_world_4507_16021_000020_000003.wav,2.399505376815796
audiomos-track3-24k_world_F-Seikatsu01_A-A__002400.wav,2.454435348510742
audiomos-track3-24k_world_F-Seikatsu02_M-O__002060.wav,2.2977561950683594
audiomos-track3-24k_world_F-Seikatsu04_A-YO_001270.wav,2.2965760231018066
audiomos-track3-24k_world_F-Seikatsu08_b2-YA_001250.wav,2.4790916442871094
audiomos-track3-24k_world_F-Seikatsu11_K-E__003780.wav,2.370051145553589
audiomos-track3-24k_world_M-Seikatsu01_A-A__002400.wav,2.13120174407959
audiomos-track3-24k_world_M-Seikatsu02_M-O__002060.wav,1.9190399646759033
audiomos-track3-24k_world_M-Seikatsu04_A-YO_001270.wav,1.846393346786499
audiomos-track3-24k_world_M-Seikatsu08_b2-YA_001250.wav,1.86024808883667
audiomos-track3-24k_world_M-Seikatsu11_K-E__003780.wav,1.7613886594772339
audiomos-track3-48k_nvSR_F-Seikatsu01_A-A__002400.wav,3.807753086090088
audiomos-track3-48k_nvSR_F-Seikatsu02_M-O__002060.wav,3.911172389984131
audiomos-track3-48k_nvSR_F-Seikatsu04_A-YO_001270.wav,3.6496741771698
audiomos-track3-48k_nvSR_F-Seikatsu08_b2-YA_001250.wav,3.953944444656372
audiomos-track3-48k_nvSR_F-Seikatsu11_K-E__003780.wav,3.7356460094451904
audiomos-track3-48k_nv_F-Seikatsu01_A-A__002400.wav,3.8619885444641113
audiomos-track3-48k_nv_F-Seikatsu02_M-O__002060.wav,3.9565117359161377
audiomos-track3-48k_nv_F-Seikatsu04_A-YO_001270.wav,3.6854090690612793
audiomos-track3-48k_nv_F-Seikatsu08_b2-YA_001250.wav,4.0415239334106445
audiomos-track3-48k_nv_F-Seikatsu11_K-E__003780.wav,3.7702391147613525
audiomos-track3-48k_originalSR_F-Seikatsu01_A-A__002400.wav,3.7563822269439697
audiomos-track3-48k_originalSR_F-Seikatsu02_M-O__002060.wav,3.8717517852783203
audiomos-track3-48k_originalSR_F-Seikatsu04_A-YO_001270.wav,3.6372570991516113
audiomos-track3-48k_originalSR_F-Seikatsu08_b2-YA_001250.wav,3.9366166591644287
audiomos-track3-48k_originalSR_F-Seikatsu11_K-E__003780.wav,3.7468502521514893
audiomos-track3-48k_original_F-Seikatsu01_A-A__002400.wav,3.9089274406433105
audiomos-track3-48k_original_F-Seikatsu02_M-O__002060.wav,3.9526071548461914
audiomos-track3-48k_original_F-Seikatsu04_A-YO_001270.wav,3.662259101867676
audiomos-track3-48k_original_F-Seikatsu08_b2-YA_001250.wav,3.9631433486938477
audiomos-track3-48k_original_F-Seikatsu11_K-E__003780.wav,3.8466739654541016
audiomos-track3-48k_ttsSR_F-Seikatsu01_A-A__002400.wav,3.80265474319458
audiomos-track3-48k_ttsSR_F-Seikatsu02_M-O__002060.wav,3.7189042568206787
audiomos-track3-48k_ttsSR_F-Seikatsu04_A-YO_001270.wav,3.681427240371704
audiomos-track3-48k_ttsSR_F-Seikatsu08_b2-YA_001250.wav,3.78788423538208
audiomos-track3-48k_ttsSR_F-Seikatsu11_K-E__003780.wav,3.520618438720703
audiomos-track3-48k_tts_F-Seikatsu01_A-A__002400.wav,3.817511558532715
audiomos-track3-48k_tts_F-Seikatsu02_M-O__002060.wav,3.7152490615844727
audiomos-track3-48k_tts_F-Seikatsu04_A-YO_001270.wav,3.7091808319091797
audiomos-track3-48k_tts_F-Seikatsu08_b2-YA_001250.wav,3.8642401695251465
audiomos-track3-48k_tts_F-Seikatsu11_K-E__003780.wav,3.560626983642578
audiomos-track3-48k_worldSR_F-Seikatsu01_A-A__002400.wav,2.2937686443328857
audiomos-track3-48k_worldSR_F-Seikatsu02_M-O__002060.wav,2.1991348266601562
audiomos-track3-48k_worldSR_F-Seikatsu04_A-YO_001270.wav,2.132993221282959
audiomos-track3-48k_worldSR_F-Seikatsu08_b2-YA_001250.wav,2.244548797607422
audiomos-track3-48k_worldSR_F-Seikatsu11_K-E__003780.wav,2.259009838104248
audiomos-track3-48k_world_F-Seikatsu01_A-A__002400.wav,2.41257905960083
audiomos-track3-48k_world_F-Seikatsu02_M-O__002060.wav,2.2592129707336426
audiomos-track3-48k_world_F-Seikatsu04_A-YO_001270.wav,2.345233917236328
audiomos-track3-48k_world_F-Seikatsu08_b2-YA_001250.wav,2.4299490451812744
audiomos-track3-48k_world_F-Seikatsu11_K-E__003780.wav,2.302031993865967
