backbone,input,labels,layer,alpha,utt_MSE,utt_LCC,utt_SRCC,utt_KTAU,sys_MSE,sys_LCC,sys_SRCC,sys_KTAU
wav2vec2-xls-r-300m,resample16k,both,7,1000,0.14882206564732428,0.871792873314989,0.8269722148859875,0.6382959036361912,0.013398346805381827,0.9854309290969778,0.9172932330827066,0.7894736842105264
hubert-large-ll60k,resample16k,both,4,1000,0.14843857957440318,0.8716767881629922,0.8270039326580083,0.6423321940698148,0.009501909862885743,0.9896956620345727,0.9473684210526315,0.8421052631578948
hubert-large-ll60k,native,both,4,1000,0.150192182551557,0.8702032921762364,0.8307730925130152,0.6458064693797693,0.01576363341276219,0.987148926953641,0.9443609022556391,0.8210526315789474
wavlm-large,resample16k,both,6,1000,0.15390567405148203,0.8665964365630414,0.8188132403116353,0.6341063363506579,0.008675735589835962,0.9904537627291582,0.9398496240601503,0.8315789473684211
wav2vec2-xls-r-1b,resample16k,both,9,1000,0.15541584833962876,0.8656407681138543,0.8221467030793844,0.6331100368132445,0.009566060260566818,0.9896910926980048,0.9383458646616539,0.8210526315789474
wav2vec2-xls-r-300m,native,both,3,1000,0.15513227810604394,0.8653238822588086,0.82083229233176,0.6376827962285522,0.013949016026522373,0.9859880174902064,0.9157894736842105,0.8210526315789474
wavlm-large,native,both,6,1000,0.15619691750860512,0.864795690975893,0.8143825115431743,0.6314239914422372,0.014124899116151782,0.9892160030395396,0.9368421052631578,0.8105263157894737
wav2vec2-xls-r-1b,native,both,11,100,0.1599439800752379,0.8643154362710543,0.8233567642338511,0.639036741753755,0.0186344595092661,0.9873824429685023,0.9458646616541352,0.8315789473684211
wav2vec2-large-lv60,resample16k,both,19,1000,0.1634026757487326,0.8596777351874256,0.8161770054909734,0.6279497161322827,0.015321434913723819,0.9873708012172684,0.9368421052631578,0.8210526315789474
wav2vec2-large-lv60,native,both,2,1000,0.16236050044599434,0.8593292612899063,0.818167717963316,0.6307342456086432,0.014311226640512282,0.9874836924478239,0.9699248120300751,0.8631578947368421
wavlm-base-plus,resample16k,both,2,1000,0.16232478154342025,0.8590521145030512,0.8103450643798603,0.6198260429810657,0.012203441916680324,0.9866834436242378,0.9308270676691727,0.8105263157894737
data2vec-audio-large,resample16k,both,1,100,0.17100455863377126,0.8533041792419271,0.8092874925139557,0.62026032739481,0.009833560021764685,0.9903674067776502,0.9744360902255638,0.8842105263157894
hubert-base-ls960,resample16k,both,2,1000,0.16912188219258353,0.8530505643163967,0.8001218071164071,0.6095054016191422,0.01594688389099322,0.9843284141290954,0.9383458646616539,0.8315789473684211
wavlm-base-plus,native,both,2,1000,0.16953445254366561,0.8522706881517765,0.7971126538755939,0.6080237253840145,0.020826579427047662,0.9815993784475141,0.932330827067669,0.8210526315789474
data2vec-audio-large,native,both,1,1000,0.17820777151402556,0.8446554220192313,0.8150549658458429,0.623376956716975,0.011866251072037648,0.9878835037037108,0.9654135338345864,0.8631578947368421
hubert-base-ls960,native,both,2,1000,0.178444640892732,0.843865598576431,0.7983518991339024,0.609607586187082,0.023292616871506452,0.980392282538261,0.9203007518796992,0.8105263157894737
wav2vec2-base,native,both,2,100,0.1922411202668939,0.8396113015032016,0.7857902538201849,0.5971410688984219,0.011549867982896228,0.9886820824323226,0.9428571428571428,0.8526315789473685
wav2vec2-base,resample16k,both,2,1000,0.18885212497526255,0.8362602989383418,0.7742004110125285,0.5873568965181825,0.015204692429855194,0.9843711180787903,0.9082706766917292,0.7894736842105264
specstats,mel,both,0,100,0.323040991467176,0.7080413807687971,0.6503110750174982,0.474315218234738,0.028054078020245544,0.9710191912202604,0.875187969924812,0.7052631578947369
specstats,mfcc,both,0,100,0.41702134516578837,0.6228305541867929,0.6436439618028755,0.46297273119341603,0.04675160120102483,0.9846445961123729,0.9759398496240601,0.9157894736842106
hubert-large-ll60k,resample16k,single,4,1000,0.17601993262411145,0.8567363169271283,0.8059819000961778,0.6172203364985999,0.030014060508427497,0.9790022625660976,0.8766917293233082,0.7157894736842105
wav2vec2-xls-r-1b,resample16k,single,16,1000,0.17198308733782564,0.8565484805682188,0.8056502710833909,0.6110892624222096,0.031654144934779284,0.9770319408574495,0.863157894736842,0.7052631578947369
wav2vec2-xls-r-300m,resample16k,single,7,1000,0.17346640853955336,0.8552932966461994,0.801512134069845,0.6066442337168267,0.03229526963266122,0.9729364064298238,0.8360902255639097,0.6736842105263158
wav2vec2-xls-r-1b,native,single,11,100,0.18039821757595959,0.8522853875165484,0.8149554959099192,0.622789395451321,0.03037080866601851,0.9671914637823538,0.837593984962406,0.6736842105263158
wavlm-large,resample16k,single,6,1000,0.18342779273308174,0.8498986258074311,0.7925316879680634,0.6024802125732784,0.030971828457075024,0.9805163377510336,0.882706766917293,0.7263157894736842
hubert-large-ll60k,native,single,4,1000,0.18657457499531482,0.8464669655218022,0.7987889099750309,0.6048304576358946,0.03757834953510515,0.9651574104560079,0.8300751879699247,0.6736842105263158
wav2vec2-large-lv60,resample16k,single,19,1000,0.18328780567050096,0.8442206868076833,0.7861025518831601,0.5921084789273849,0.02431911587098013,0.977811672985733,0.8601503759398496,0.7157894736842105
wav2vec2-xls-r-300m,native,single,3,1000,0.19047929802638996,0.8438728837193877,0.789559976712565,0.5994146755350833,0.03858116389903381,0.9676055492554454,0.7849624060150376,0.631578947368421
hubert-base-ls960,resample16k,single,2,1000,0.18765167215382836,0.8420993151860652,0.7868512039103285,0.5921851173533398,0.032205454574525644,0.975104158394931,0.831578947368421,0.6736842105263158
wavlm-large,native,single,6,1000,0.1938204741611473,0.8388685742509657,0.7799061379124932,0.5869737043884081,0.03633481680383989,0.9676496590691503,0.8270676691729323,0.6842105263157895
wavlm-base-plus,resample16k,single,2,1000,0.19362545648727086,0.838317976646242,0.7781914075925573,0.586437235406724,0.03223763276958021,0.9772283843314388,0.8360902255639097,0.6736842105263158
wav2vec2-large-lv60,native,single,2,1000,0.20027257910568202,0.8334541323371629,0.7806300162952428,0.5875612656540622,0.03841399578298147,0.9653439677924414,0.8270676691729323,0.6736842105263158
data2vec-audio-large,resample16k,single,0,10000,0.20346107246229064,0.8331338850657217,0.7630636256111353,0.5672776289180046,0.040335605135202963,0.9719201007017728,0.8406015037593983,0.6631578947368422
wavlm-base-plus,native,single,2,1000,0.20421717910485537,0.8284417455967874,0.7649474548221413,0.5702665275302449,0.044887937498473994,0.958416260216556,0.7548872180451127,0.5894736842105264
wav2vec2-base,resample16k,single,2,1000,0.2028357576341574,0.8271973698559717,0.7632793627646148,0.5711095502157485,0.03286459404599252,0.9733837255809605,0.8240601503759398,0.6736842105263158
data2vec-audio-large,native,single,1,1000,0.2130830059088367,0.8252726399423005,0.7867956508895109,0.5872802580922276,0.03575691941402103,0.9700993711885072,0.8661654135338346,0.7157894736842105
wav2vec2-base,native,single,2,100,0.21921656801376166,0.8226696794201656,0.7704133278011429,0.5796164154967399,0.02521315535081329,0.9761917400685175,0.8917293233082706,0.7473684210526316
hubert-base-ls960,native,single,2,100,0.2160504280055356,0.8199026170671663,0.7887065058944279,0.5932069630327382,0.032706568840108655,0.9684674223163309,0.8300751879699247,0.6736842105263158
specstats,mel,single,0,100,0.34071135130348795,0.69071956072114,0.6152904319261027,0.44171834106193,0.06228853805935608,0.9496632261076307,0.7789473684210525,0.5473684210526316
specstats,mfcc,single,0,100,0.4111670087553682,0.6169325980684461,0.6400265405199335,0.45878316390788276,0.07933754627594387,0.981476917133391,0.9699248120300751,0.9052631578947369
